Filename,Name,Category,Sub-Category
airplane_1.png,Airplane,Transport,Air/Land
allosaurus_1.png,Allosaurus,Prehistoric,Carnivore
ankylosaurus_1.png,Ankylosaurus,Prehistoric,Herbivore
ant_1.png,Ant,Insect,Bug
archaeopteryx_1.png,Archaeopteryx,Prehistoric,Bird-like
bear_1.png,Bear,Mammal,Land Animal
bee_1.png,Bee,Insect,Flying Bug
beetle_1.png,Beetle,Insect,Bug
bicycle_1.png,Bicycle,Transport,Land
brachiosaurus_1.png,Brachiosaurus,Prehistoric,Herbivore
butterfly_1.png,Butterfly,Insect,Flying Bug
car_1.png,Car,Transport,Land
ceratosaurus_1.png,Ceratosaurus,Prehistoric,Carnivore
daffodil_1.png,Daffodil,Plant,Flower
daisy_1.png,Daisy,Plant,Flower
doll_1.png,Doll,Toy,Plaything
eagle_1.png,Eagle,Bird,Bird of Prey
egregious_1.png,Egregious,Vocabulary,Adjective
elasmosaurus_1.png,Elasmosaurus,Prehistoric,Marine Reptile
elephant_1.png,Elephant,Mammal,Land Animal
giganotosaurus_1.png,Giganotosaurus,Prehistoric,Carnivore
goldfish_1.png,Goldfish,Fish,Pet/Freshwater
ichthyosaurus_1.png,Ichthyosaurus,Prehistoric,Marine Reptile
iguanodon_1.png,Iguanodon,Prehistoric,Herbivore
kangaroo_1.png,Kangaroo,Mammal,Marsupial
kronosaurus_1.png,Kronosaurus,Prehistoric,Marine Reptile
lion_1.png,Lion,Mammal,Big Cat
liopleurodon_1.png,Liopleurodon,Prehistoric,Marine Reptile
microraptor_1.png,Microraptor,Prehistoric,Carnivore
mosasaurus_1.png,Mosasaurus,Prehistoric,Marine Reptile
oak_1.png,Oak,Plant,Tree
ostrich_1.png,Ostrich,Bird,Flightless
parasaurolophus_1.png,Parasaurolophus,Prehistoric,Herbivore
parrot_1.png,Parrot,Bird,Tropical
penguin_1.png,Penguin,Bird,Flightless
plesiosaurus_1.png,Plesiosaurus,Prehistoric,Marine Reptile
pteranodon_1.png,Pteranodon,Prehistoric,Flying Reptile
pterodactyl_1.png,Pterodactyl,Prehistoric,Flying Reptile
puzzle_1.png,Puzzle,Toy,Game
quetzalcoatlus_1.png,Quetzalcoatlus,Prehistoric,Flying Reptile
quidnunc_1.png,Quidnunc,Vocabulary,Noun
rhamphorhynchus_1.png,Rhamphorhynchus,Prehistoric,Flying Reptile
robot_1.png,Robot,Toy,Electronic
salmon_1.png,Salmon,Fish,Saltwater/Freshwater
shark_1.png,Shark,Fish,Predator
stegosaurus_1.png,Stegosaurus,Prehistoric,Herbivore
teddy_bear_1.png,Teddy Bear,Toy,Plush
tiger_1.png,Tiger,Mammal,Big Cat
titanoboa_1.png,Titanoboa,Prehistoric,Snake
titanoboa_2.png,Titanoboa,Prehistoric,Snake
titanoboa_3.png,Titanoboa,Prehistoric,Snake
titanoboa_4.png,Titanoboa,Prehistoric,Snake
titanoboa_5.png,Titanoboa,Prehistoric,Snake
train_1.png,Train,Transport,Rail
trex_1.png,T-Rex,Prehistoric,Carnivore
triceratops_1.png,Triceratops,Prehistoric,Herbivore
tulsi_1.png,Tulsi,Plant,Herb
tuna_1.png,Tuna,Fish,Saltwater
utahraptor_1.png,Utahraptor,Prehistoric,Carnivore
velociraptor_1.png,Velociraptor,Prehistoric,Carnivore
